l,Dl
2,220.39957346984588
3,220.5985610364446
4,220.79659103307122
5,220.9933466539753
6,221.18851313213568
7,221.38177824282056
8,221.5728328030806
9,221.76137116637545
10,221.94709171154327
11,222.12969732533
12,222.3088958777074
13,222.4844006892187
14,222.65593098960443
15,222.82321236697518
16,222.98597720681195
17,223.14396512009233
18,223.29692335985737
19,223.44460722555274
20,223.5867804544976
21,223.72321559985429
22,223.85369439449485
23,223.97800810018182
24,224.095957841505
25,224.2073549240395
26,224.31202113621669
27,224.40978903442473
28,224.50050221088253
29,224.58401554385884
30,224.66019542983614
31,224.7289199972477
32,224.79007930144613
33,224.84357550059133
34,224.8893230121766
35,224.9272486499423
36,224.95729174095842
37,224.9794042226882
38,224.9935507198779
39,224.99970860114982
40,224.99786801520753
41,224.98803190659586
42,224.97021601099038
43,224.9444488300235
44,224.91077158568808
45,224.86923815439098
46,224.81991498076223
47,224.762880971358
48,224.69822736842661
49,224.62605760394084
50,224.5464871341284
51,224.4596432547669
52,224.36566489753758
53,224.2647024077644
54,224.1569173038934
55,224.04248201909795
56,223.9215796254221
57,223.7944035409046
58,223.66115722015127
59,223.5220538288509
60,223.37731590275575
61,223.22717499167186
62,223.07187128902856
63,222.91165324762042
64,222.74677718213565
65,222.57750685910733
66,222.40411307494324
67,222.22687322270934
68,222.04607084836007
69,221.86199519712528
70,221.6749407507795
71,221.48520675653415
72,221.29309674830554
73,221.09891806112557
74,220.90298133947115
75,220.70560004029934
76,220.507089931583
77,220.30776858714955
78,220.10795487863047
79,219.90796846533473
80,219.7081292828621
81,219.50875703127446
82,219.31017066364387
83,219.1126878757957
84,218.9166245980631
85,218.72229448986585
86,218.53000843792216
87,218.34007405889633
88,218.15279520727762
89,217.9684714892779
90,217.78739778352573
91,217.60986376932328
92,217.4361534632214
93,217.26654476465356
94,217.10130901135628
95,216.9407105452864
96,216.78500628973046
97,216.6344453382822
98,216.48926855634596
99,216.34970819580352
100,216.21598752346037
101,216.08832046386672
102,215.9669112570838
103,215.85195413194316
104,215.74363299532212
105,215.64212113793207
106,215.54758095709005
107,215.46016369691796
108,215.38000920638407
109,215.30724571557445
110,215.2419896305524
111,215.18434534713342
112,215.13440508387413
113,215.0922487345424
114,215.05794374030435
115,215.03154498183267
116,215.01309469150954
117,215.0026223858636
118,215.00014481834987
119,215.00566595254793
120,215.0191769558208
121,215.04065621344543
122,215.07006936319164
123,215.1073693502943
124,215.15249650273097
125,215.2053786266843
126,215.26593112203696
127,215.3340571177135
128,215.40964762665368
129,215.49258172016823
130,215.58272672139924
131,215.67993841757462
132,215.78406129071791
133,215.89492876644377
134,216.01236348044148
135,216.13617756222007
136,216.26617293566093
137,216.40214163589746
138,216.54386614201437
139,216.6911197250348
140,216.84366681063838
141,217.00126335602977
142,217.16365724035515
143,217.33058866804177
144,217.5017905844155
145,217.6769891029312
146,217.85590394333303
147,218.03824888004274
148,218.2237322000598
149,218.41205716963984
150,218.60292250900537
151,218.7960228743292
152,218.99104934621934
153,219.18768992392424
154,219.38563002446725
155,219.58455298591252
156,219.78414057395636
157,219.9840734910343
158,220.18403188712912
159,220.3836958714626
160,220.58274602425246
161,220.78086390771605
162,220.97773257550273
163,221.1730370797404
164,221.36646497488505
165,221.5577068175669
166,221.7464566616337
167,221.9324125475994
168,222.11527698571498
169,222.29475743188846
170,222.47056675569303
171,222.64242369971464
172,222.81005332950372
173,222.97318747341166
174,223.13156515160827
175,223.28493299359394
176,223.43304564353818
177,223.5756661527968
178,223.71256635897902
179,223.84352725095877
180,223.96833931924576
181,224.08680289115586
182,224.19872845024491
183,224.30393693949452
184,224.40226004776517
185,224.49354047905814
186,224.57763220415544
187,224.65440069423556
188,224.72372313609077
189,224.78548862860208
190,224.83959836015742
191,224.8859657667291
192,224.9245166703578
193,224.95518939782144
194,224.97793487929928
195,224.99271672687303
196,224.99951129273987
197,224.99830770704386
198,224.98910789526536
199,224.9719265751407
200,224.9467912331169
201,224.9137420803793
202,224.87283198852217
203,224.82412640496545
204,224.76770324825287
205,224.70365278339887
206,224.63207747748382
207,224.55309183572865
208,224.46682221831077
209,224.37340663821482
210,224.2729945404414
211,224.16574656292684
212,224.05183427955677
213,223.93143992568466
214,223.80475610659389
215,223.67198548937057
216,223.53334047867938
217,223.38904287696144
218,223.23932352959758
219,223.08442195560522
220,222.9245859644588
221,222.76007125964767
222,222.59114102960487
223,222.418065526662
224,222.24112163470292
225,222.06059242620879
226,221.87676670940232
227,221.68993856621634
228,221.50040688182543
229,221.30847486649333
230,221.11444957050125
231,220.91864139293293
232,220.7213635851023
233,220.52293174941818
234,220.32366333448783
235,220.12387712726678
236,219.92389274306785
237,219.72403011424464
238,219.5246089783682
239,219.325948366715
240,219.1283660938851
241,218.9321782493663
242,218.7376986918587
243,218.54523854716754
244,218.35510571046837
245,218.16760435374036
246,217.98303443915614
247,217.80169123920626
248,217.6238648643261
249,217.44983979878123
250,217.27989444555314
251,217.11430068095396
252,216.9533234196822
253,216.79722019101595
254,216.64624072682082
255,216.5006265620323
256,216.3606106482513
257,216.2264169810715
258,216.09826024173384
259,215.97634545368265
260,215.86086765457173
261,215.75201158424568
262,215.64995138919565
263,215.55485034396202
264,215.46686058993
265,215.38612289193597
266,215.31276641307355
267,215.24690850806036
268,215.1886545354955
269,215.1380976893082
270,215.09531884966754
271,215.06038645359124
272,215.03335638546113
273,215.01427188762017
274,215.00316349119376
275,215.00004896724647
276,215.00493329835228
277,215.01780867062334
278,215.03865448621056
279,215.06743739625594
280,215.1041113542434
281,215.14861768966355
282,215.20088520187386
283,215.2608302740046
284,215.328357006728
285,215.40335737167663
286,215.48571138426576
287,215.5752872956432
288,215.67194180345922
289,215.77552028111987
290,215.88585702515647
291,216.00277552031577
292,216.12608872194684
293,216.25559935523245
294,216.39110023078683
295,216.5323745761144
296,216.6791963823995
297,216.8313307660725
298,216.98853434457305
299,217.15055562571052
300,217.31713540999783
301,217.4880072053152
302,217.66289765324086
303,217.8415269663661
304,218.02360937589546
305,218.20885358881586
306,218.39696325390332
307,218.58763743582156
308,218.78057109655458
309,218.97545558340215
310,219.17197912275844
311,219.3698273188833
312,219.56868365686827
313,219.76823000899302
314,219.96814714366175
315,220.16811523610568
316,220.36781438003453
317,220.5669250994182
318,220.7651288595804
319,220.96210857678602
320,221.1575491255077
321,221.35113784255918
322,221.54256502728995
323,221.73152443704004
324,221.91771377706306
325,222.10083518413322
326,222.28059570306303
327,222.45670775536908
328,222.62888959933622
329,222.79686578074433
330,222.9603675735361
331,223.11913340972166
332,223.27290929783126
333,223.42144922924774
334,223.56451557176769
335,223.70187944976223
336,223.83332111032934
337,223.95863027485146
338,224.07760647539658
339,224.19005937542403
340,224.2958090742825
341,224.39468639501249
342,224.48653315499354
343,224.57120241900265
344,224.6485587342792
345,224.71847834722053
346,224.78084940136134
347,224.83557211632012
348,224.88255894742647
349,224.921734725774
350,224.95303677847434
351,224.97641502892063
352,224.99183207689924
353,224.9992632584222
354,224.99869668518426
355,224.9901332635818
356,224.9735866932626
357,224.94908344520942
358,224.91666271939206
359,224.8763763820558
360,224.8282888827464
361,224.7724771512046
362,224.70903047429505
363,224.63805035316622
364,224.5596503408703
365,224.47395586070252
366,224.3811040055506
367,224.28124331857552
368,224.1745335555739
369,224.061145429403
370,223.94126033687658
371,223.8150700685685
372,223.68277650198894
373,223.54459127862324
374,223.40073546535092
375,223.2514392007856
376,223.09694132710234
377,222.93748900794134
378,222.77333733299852
379,222.60474890993663
380,222.431993444269
381,222.25534730788812
382,222.07509309692972
383,221.89151917967916
384,221.7049192352437
385,221.51559178372852
386,221.3238397086684
387,221.12996977247846
388,220.93429212569995
389,220.7371198108253
390,220.5387682614972
391,220.33955479788182
392,220.1397981190243
393,219.93981779299835
394,219.73993374566544
395,219.54046574886158
396,219.34173290883083
397,219.14405315572313
398,218.94774273497399
399,218.75311570137933
400,218.56048341667469
401,218.37015405142284
402,218.1824320920068
403,217.9976178535164
404,217.8160069993083
405,217.63789006800766
406,217.4635520087083
407,217.29327172511495
408,217.12732162935686
409,216.9659672061864
410,216.80946658826025
411,216.65807014318204
412,216.51202007296777
413,216.37155002657403
414,216.2368847261097
415,216.1082396073285
416,215.98582047497766
417,215.8698231735542
418,215.76043327399566
419,215.65782577680605
420,215.56216483209246
421,215.47360347695988
422,215.39228339068436
423,215.31833466805665
424,215.25187561125801
425,215.1930125406022
426,215.14183962444548
427,215.09843872853736
428,215.06287928505293
429,215.03521818151617
430,215.015499669792
431,215.00375529529285
432,215.0000038465125
433,215.00425132496878
434,215.01649093560223
435,215.03670309764684
436,215.064855475955
437,215.10090303272693
438,215.14478809956157
439,215.1964404697136
440,215.2557775104094
441,215.3227042950417
442,215.39711375503205
443,215.47888685111766
444,215.56789276378882
445,215.6639891025721
446,215.76702213382492
447,215.87682702667655
448,215.99322811672215
449,216.11603918704859
450,216.2450637661416
451,216.3800954421985
452,216.5209181933427
453,216.66730673321308
454,216.81902687137364
455,216.97583588796857
456,217.13748292202217
457,217.3037093727628
458,217.474249313329
459,217.64882991619584
460,217.8271718896405
461,218.00898992454987
462,218.19399315085374
463,218.38188560285533
464,218.57236669271305
465,218.7651316913169
466,218.9598722157901
467,219.15627672283594
468,219.35403100714055
469,219.5528187040344
470,219.75232179560817
471,219.95222111947376
472,220.15219687935593
473,220.35192915669808
474,220.5510984224637
475,220.74938604831476
476,220.94647481634902
477,221.142049426581
478,221.33579700135468
479,221.527407585881
480,221.71657464409947
481,221.90299554907045
482,222.08637206711367
483,222.26641083491847
484,222.4428238288626
485,222.61532882578848
486,222.7836498545002
487,222.9475176372583
488,223.10667002056704
489,223.2608523945638
490,223.4098181003407
491,223.55332882454607
492,223.69115498063522
493,223.82307607615977
494,223.94888106550854
495,224.06836868753552
496,224.1813477875348
497,224.28763762304735
498,224.38706815301023
499,224.47948030978625
500,224.56472625363813
501,224.64266960924053
502,224.7131856838515
503,224.77616166679428
504,224.83149680993034
505,224.87910258883488
506,224.91890284441698
507,224.95083390475799
508,224.97484468697294
509,224.99089677893235
510,224.99896450071336
511,224.99903494568207
512,224.9911080011416
513,224.97519634851224
514,224.95132544304388
515,224.91953347309308
516,224.87987129902982
517,224.8324023718718
518,224.77720263177633
519,224.71436038655222
520,224.6439761703862
521,224.56616258300966
522,224.48104410956302
523,224.38875692144615
524,224.28944865847322
525,224.1832781926803
526,224.07041537416416
527,223.95104075935834
528,223.82534532218125
529,223.69353014851887
530,223.5558061145299
531,223.41239354928922
532,223.26352188230814
533,223.10942927649623
534,222.95036224715147
535,222.78657526758832
536,222.61833036203467
537,222.44589668644917
538,222.2695500979288
539,222.0895727133966
540,221.9062524582747
541,221.71988260586508
542,221.5307613081748
543,221.3391911189364
544,221.1454785095866
545,220.9499333789772
546,220.75286855760305
547,220.55459930714014
548,220.355442816094
549,220.15571769236587
550,219.95574345354797
551,219.7558400157635
552,219.55632718186914
553,219.3575241298386
554,219.15974890214613
555,218.9633178969662
556,218.7685453620041
557,218.57574289176645
558,218.38521892907667
559,218.19727827163211
560,218.01222158439285
561,217.83034491858172
562,217.65193923806584
563,217.47728995387612
564,217.30667646761077
565,217.1403717244522
566,216.97864177651297
567,216.82174535720932
568,216.66993346734262
569,216.52344897355187
570,216.38252621977878
571,216.24739065236744
572,216.11825845939836
573,215.99533622483355
574,215.8788205980263
575,215.76889797912415
576,215.66574422086845
577,215.56952434726742
578,215.48039228959306
579,215.39849064012375
580,215.32395042402732
581,215.25689088974838
582,215.1974193182365
583,215.14563085131957
584,215.101608339497
585,215.06542220939676
586,215.0371303511077
587,215.0167780255678
588,215.0043977921563
589,215.00000945660574
590,215.00362003931687
591,215.0152237641275
592,215.03480206755336
593,215.0623236284854
594,215.09774441829705
595,215.14100777128067
596,215.19204447530055
597,215.25077288251745
598,215.31709904000792
599,215.39091684006877
600,215.4721081899669
601,215.5605432008623
602,215.65608039560274
603,215.7585669350568
604,215.86783886262396
605,215.98372136653023
606,216.10602905948963
607,216.23456627528435
608,216.36912738178896
609,216.50949710993783
610,216.65545089810988
611,216.80675525137923
612,216.96316811505713
613,217.12443926192805
614,217.29031069255961
615,217.46051704804688
616,217.6347860345298
617,217.8128388588054
618,217.9943906743374
619,218.17915103695
620,218.36682436947638
621,218.5571104346194
622,218.749704815267
623,218.94429940149476
624,219.140582883476
625,219.33824124951113
626,219.5369582883794
627,219.73641609520928
628,219.93629558005858
629,220.13627697839027
630,220.3360403626274
631,220.53526615396908
632,220.73363563364845
633,220.93083145281457
634,221.12653814022298
635,221.32044260692234
636,221.51223464713004
637,221.7016074344952
638,221.88825801295536
639,222.0718877814017
640,222.25220297137696
641,222.42891511704232
642,222.60174151666138
643,222.77040568486234
644,222.9346377949559
645,223.0941751106002
646,223.248762406123
647,223.39815237482838
648,223.54210602463456
649,223.6803930604103
650,223.81279225239803
651,223.9390917901342
652,224.05908962130093
653,224.17259377496654
654,224.27942266869803
655,224.37940539905443
656,224.4723820149957
657,224.55820377377023
658,224.63673337887167
659,224.70784519968396
660,224.77142547246348
661,224.8273724823369
662,224.8755967260231
663,224.9160210550195
664,224.9485807990231
665,224.9732238693892
666,224.9899108424621
667,224.99861502264463
668,224.99932248510524
669,224.99203209805492
670,224.9767555245578
671,224.9535172038726
672,224.92235431235517
673,224.8833167039842
674,224.83646683060556
675,224.78187964202252
676,224.71964246609215
677,224.64985486901938
678,224.57262849607233
679,224.48808689297363
680,224.39636530825362
681,224.29761047688166
682,224.19198038552136
683,224.0796440197857
684,223.960781093896
685,223.83558176317766
686,223.70424631985202
687,223.56698487261167
688,223.42401701049135
689,223.27557145157226
690,223.12188567708196
691,222.96320555147508
692,222.79978492910266
693,222.63188524809925
694,222.4597751121378
695,222.28372986072097
696,222.1040311286967
697,221.92096639570255
698,221.73482852625958
699,221.54591530125163
700,221.35452894153934
701,221.16097562447135
702,220.9655649940658
703,220.76860966564595
704,220.5704247257224
705,220.3713272279218
706,220.1716356857688
707,219.9716695631322
708,219.77174876315107
709,219.57219311645792
710,219.37332186951787
711,219.17545317390233
712,218.97890357731464
713,218.78398751718095
714,218.5910168176176
715,218.400300190579
716,218.21214274198442
717,218.02684548361344
718,217.8447048515515
719,217.66601223195528
720,217.49105349489713
721,217.32010853703375
722,217.15345083383144
723,216.99134700206355
724,216.83405637328062
725,216.68183057893515
726,216.53491314782502
727,216.39353911649926
728,216.25793465324978
729,216.1283166962904
730,216.00489260670193
731,215.8878598366986
732,215.77740561374677
733,215.67370664104087
734,215.57692881481591
735,215.48722695894907
736,215.40474457727433
737,215.3296136240071
738,215.26195429264547
739,215.20187482368644
740,215.14947133146407
741,215.1048276503871
742,215.06801520082178
743,215.03909287483447
744,215.01810694197704
745,215.00509097526526
746,215.0000657974693
747,215.00303944780163
748,215.0140071690561
749,215.03295141521832
750,215.0598418795357
751,215.0946355430016
752,215.13727674317678
753,215.18769726323723
754,215.24581644110665
755,215.31154129849858
756,215.38476668966175
757,215.46537546959084
758,215.55323868143364
759,215.64821576279428
760,215.75015477060336
761,215.85889262419417
762,215.97425536619716
763,216.09605844083447
764,216.22410698917002
765,216.35819616084203
766,216.49811144177997
767,216.64362899738134
768,216.79451603059925
769,216.95053115436812
770,217.11142477777133
771,217.27693950533362
772,217.44681054879874
773,217.62076615073445
774,217.79852801928615
775,217.97981177338468
776,218.16432739769527
777,218.35177970658032
778,218.54186881633325
779,218.73429062492866
780,218.92873729852056
781,219.12489776391098
782,219.32245820620065
783,219.52110257082583
784,219.72051306917834
785,219.9203706869995
786,220.12035569473477
787,220.32014815903295
788,220.51942845457134
789,220.7178777753879
790,220.91517864490294
791,221.11101542381383
792,221.30507481505057
793,221.49704636498439
794,221.68662296008708
795,221.87350131824732
796,222.05738247395732
797,222.23797225659385
798,222.41498176102849
799,222.58812780981407
800,222.75713340620845
801,222.92172817731
802,223.0816488065966
803,223.236639455176
804,223.3864521710734
805,223.53084728590167
806,223.66959379827975
807,223.8024697433855
808,223.92926254805212
809,224.0497693708398
810,224.1637974265389
811,224.27116429458493
812,224.37169821089276
813,224.46523834264238
814,224.55163504557711
815,224.63075010340265
816,224.70245694890338
817,224.7666408664232
818,224.8231991753859
819,224.87204139456225
820,224.9130893868207
821,224.9462774841301
822,224.97155259261444
823,224.98887427749193
824,224.99821482776187
825,224.99955930053633
826,224.99290554494573
827,224.97826420557956
828,224.95565870545755
829,224.9251252085576
830,224.8867125619613
831,224.84048221770894
832,224.7865081344894
833,224.72487665932192
834,224.6556863894195
835,224.5790480144541
836,224.49508413947706
837,224.403929088777
838,224.30572869098964
839,224.2006400458032
840,224.0888312726322
841,223.9704812416625
842,223.84577928769696
843,223.71492490726024
844,223.57812743944697
845,223.4356057310237
846,223.28758778632096
847,223.13431040247474
848,222.9760187906018
849,222.81296618351405
850,222.64541343060012
851,222.473628580522
852,222.29788645239432
853,222.11846819613245
854,221.93566084267258
855,221.74975684478332
856,221.56105360920398
857,221.36985302085697
858,221.17646095989627
859,220.9811868123647
860,220.78434297524205
861,220.5862443566766
862,220.3872078721992
863,220.18755193772625
864,219.9875959601619
865,219.78765982641525
866,219.58806339164948
867,219.38912596758198
868,219.1911658116535
869,218.9944996178843
870,218.79944201023113
871,218.6063050392562
872,218.41539768291275
873,218.2270253522462
874,218.04148940280163
875,217.85908665251924
876,217.68010890688902
877,217.50484249212406
878,217.33356779709985
879,217.1665588247917
880,217.00408275392869
881,216.84639951156447
882,216.6937613572495
883,216.54641247946967
884,216.40458860499663
885,216.2685166217754
886,216.13841421595203
887,216.01448952362207
888,215.8969407978574
889,215.7859560915436
890,215.68171295653522
891,215.58437815961094
892,215.4941074156822
893,215.41104513868257
894,215.33532421053619
895,215.2670657685752
896,215.2063790117457
897,215.1533610259128
898,215.10809662854393
899,215.070658233019
900,215.04110573278442
901,215.01948640553636
902,215.00583483758652
903,215.00017286853148
904,215.0025095563139
905,215.01284116273177
906,215.03115115941878
907,215.05741025428617
908,215.09157643838378
909,215.1335950531055
910,215.1833988776312
911,215.2409082364659
912,215.30603112690352
913,215.3786633662115
914,215.45868875830092
915,215.5459792796157
916,215.64039528394267
917,215.7417857258159
918,215.84998840215727
919,215.96483021176655
920,216.08612743224674
921,216.21368601392038
922,216.34730189026783
923,216.48676130439011
924,216.63184115097445
925,216.782309333215
926,216.93792513411833
927,217.09843960159927
928,217.2635959467511
929,217.4331299546531
930,217.60677040705792
931,217.784239516283
932,217.96525336961167
933,218.14952238349284
934,218.3367517668129
935,218.52664199249872
936,218.7188892766969
937,218.91318606476332
938,219.1092215232849
939,219.30668203734658
940,219.50525171224857
941,219.70461287887025
942,219.90444660187322
943,220.10443318992952
944,220.30425270715986
945,220.5035854849625
946,220.70211263341508
947,220.89951655143022
948,221.0954814348497
949,221.28969378166363
950,221.48184289354694
951,221.67162137291015
952,221.85872561467028
953,222.04285629195394
954,222.22371883495654
955,222.4010239021913
956,222.57448784337365
957,222.74383315320136
958,222.9087889153038
959,223.06909123565032
960,223.22448366472435
961,223.37471760778794
962,223.51955272258047
963,223.65875730381475
964,223.7921086538562
965,223.91939343899148
966,224.04040803071703
967,224.1549588315012
968,224.26286258449892
969,224.36394666672362
970,224.45804936520722
971,224.54502013570627
972,224.6247198435408
973,224.69702098617992
974,224.76180789721886
975,224.81897693142045
976,224.8684366305253
977,224.9101078695658
978,224.94392398344877
979,224.96983087360576
980,224.98778709453902
981,224.99776392012552
982,224.9997453895726
983,224.99372833295183
984,224.97972237627022
985,224.9577499260707
986,224.9278461335864
987,224.8900588385061
988,224.84444849244113
989,224.79108806221547
990,224.73006291313453
991,224.6614706724189
992,224.5854210730214
993,224.50203577807804
994,224.41144818627285
995,224.3138032184284
996,224.20925708566335
997,224.09797703948826
998,223.9801411042384
999,223.8559377922733
1000,223.72556580239674
1001,223.58923370198133
1002,223.4471595933051
1003,223.2995707646344
1004,223.1467033266112
1005,222.98880183452627
1006,222.8261188970832
1007,222.658914772278
1008,222.48745695104205
1009,222.31201972931362
1010,222.13288376922287
1011,221.95033565009228
1012,221.76466740997097
1013,221.576176078436
1014,221.3851632014085
1015,221.19193435874445
1016,220.99679867537222
1017,220.8000683267584
1018,220.60205803949393
1019,220.40308458779847
1020,220.20346628674932
1021,220.00352248304517
1022,219.8035730441196
1023,219.60393784642125
1024,219.40493626367987
1025,219.20688665597646
1026,219.01010586043498
1027,218.81490868435066
1028,218.62160740156537
1029,218.4305112528962
1030,218.2419259514159
1031,218.0561531933776
1032,217.8734901755647
1033,217.6942291198397
1034,217.51865680565135
1035,217.34705411124898
1036,217.179695564337
1037,217.01684890288925
1038,216.8587746468252
1039,216.70572568123393
1040,216.55794685181164
1041,216.41567457316094
1042,216.27913645057788
1043,216.14855091593202
1044,216.02412687822198
1045,215.90606338936578
1046,215.79454932576002
1047,215.68976308611806
1048,215.59187230607017
1049,215.50103358998214
1050,215.41739226042182
1051,215.341082125674
1052,215.27222526567562
1053,215.210931836714
1054,215.15729989520023
1055,215.1114152407999
1056,215.07335127917182
1057,215.04316890453472
1058,215.0209164022495
1059,215.00662937157279
1060,215.00033066870597
1061,215.00203037023002
1062,215.01172575698502
1063,215.0294013184204
1064,215.05502877740852
1065,215.08856713548184
1066,215.1299627384219
1067,215.17914936209462
1068,215.23604831839472
1069,215.30056858112988
1070,215.37260693164336
1071,215.45204812394164
1072,215.53876506906363
1073,215.63261903839577
1074,215.73345988560823
1075,215.84112628685702
1076,215.95544599886776
1077,216.07623613448814
1078,216.20330345526835
1079,216.33644468060143
1080,216.47544681292877
1081,216.6200874784908
1082,216.7701352830777
1083,216.92535018221065
1084,217.08548386516173
1085,217.25028015219826
1086,217.41947540441566
1087,217.59279894550346
1088,217.76997349476963
1089,217.95071561073053
1090,218.13473614455688
1091,218.32174070265023
1092,218.5114301176098
1093,218.7035009268365
1094,218.89764585800862
1095,219.09355432065152
1096,219.29091290301668
1097,219.48940587347312
1098,219.68871568561107
1099,219.88852348624826
1100,220.08850962552708
1101,220.28835416828608
1102,220.4877374058881
1103,220.6863403676858
1104,220.88384533130667
1105,221.0799363309411
1106,221.27429966282014
1107,221.46662438707475
1108,221.65660282517322
1109,221.8439310521412
1110,222.02830938277668
1111,222.20944285108266
1112,222.3870416821496
1113,222.5608217557335
1114,222.73050506078772
1115,222.89582014022136
1116,223.05650252517265
1117,223.21229515810276
1118,223.362948804033
1119,223.5082224492676
1120,223.64788368696426
1121,223.7817090889355
1122,223.90948456308595
1123,224.0310056959144
1124,224.14607807953138
1125,224.2545176226706
1126,224.35615084519557
1127,224.45081515563083
1128,224.5383591112737
1129,224.61864266047016
1130,224.69153736666777
1131,224.75692661388663
1132,224.81470579328015
1133,224.8647824704869
1134,224.90707653350577
1135,224.9415203208582
1136,224.96805872983202
1137,224.9866493046341
1138,224.9972623043106
1139,224.99988075032593
1140,224.9945004537251
1141,224.98113002183493
1142,224.9597908444942
1143,224.93051705983456
1144,224.89335549966674
1145,224.8483656145596
1146,224.795619378732
1147,224.73520117490935
1148,224.66720765932922
1149,224.59174760711204
1150,224.50894173824403
1151,224.41892252445115
1152,224.3218339772723
1153,224.2178314176719
1154,224.1070812275593
1155,223.98976058361316
1156,223.8660571738368
1157,223.73616889729718
1158,223.6003035475287
1159,223.45867848010803
1160,223.3115202649312
1161,223.1590643237505
1162,223.00155455354957
1163,222.8392429363604
1164,222.67238913614594
1165,222.50126008339294
1166,222.3261295480802
1167,222.14727770170504
1168,221.9649906690686
1169,221.77956007053734
1170,221.59128255551244
1171,221.4004593278542
1172,221.20739566402014
1173,221.01240042468766
1174,220.81578556064292
1175,220.6178656137261
1176,220.41895721363167
1177,220.21937857136817
1178,220.01944897018873
1179,219.81948825480592
1180,219.61981631970824
1181,219.42075259739752
1182,219.2226155473648
1183,219.02572214662314
1184,218.830387382612
1185,218.63692374928462
1186,218.4456407471843
1187,218.25684438830956
1188,218.0708367065601
1189,217.8879152745473
1190,217.70837272754116
1191,217.53249629531658
1192,217.36056734264673
1193,217.19286091917974
1194,217.02964531941765
1195,216.87118165350265
1196,216.71772342949632
1197,216.5695161478212
1198,216.42679690851202
1199,216.28979403190658
1200,216.15872669338165
1201,216.03380457271942
1202,215.91522751866424
1203,215.80318522920757
1204,215.69785694811142
1205,215.59941117815669
1206,215.50800541157471
1207,215.42378587809316
1208,215.3468873109997
1209,215.27743273159757
1210,215.21553325239756
1211,215.16128789936192
1212,215.11478345348377
1213,215.0760943119561
1214,215.04528236915212
1215,215.0223969176074
1216,215.00747456916253
1217,215.00053919639168
1218,215.0016018944119
1219,215.01066096313295
1220,215.02770190997742
1221,215.0526974730656
1222,215.08560766482861
1223,215.12637983598012
1224,215.17494875974384
1225,215.23123673620265
1226,215.2951537166016
1227,215.36659744740697
1228,215.44545363389003
1229,215.5315961229741
1230,215.62488710505278
1231,215.7251773344557
1232,215.83230636820997
1233,215.94610282271455
1234,216.06638464791752
1235,216.1929594185573
1236,216.32562464200203
1237,216.46416808219465
1238,216.60836809918516
1239,216.75799400370744
1240,216.9128064262327
1241,217.07255769990982
1242,217.23699225677936
1243,217.40584703662785
1244,217.57885190782795
1245,217.75573009949147
1246,217.9361986442438
1247,218.11996883091118
1248,218.30674666639715
1249,218.49623334600878
1250,218.68812573148037
1251,218.88211683592996
1252,219.0778963149731
1253,219.27515096320727
1254,219.47356521527414
1255,219.67282165069648
1256,219.87260150168333
1257,220.07258516309062
1258,220.27245270372094
1259,220.4718843781455
1260,220.6705611382283
1261,220.86816514353532
1262,221.0643802698114
1263,221.2588926147115
1264,221.45139099997746
1265,221.641567469257
1266,221.82911778076814
1267,222.01374189402102
1268,222.19514444981886
1269,222.37303524276945
1270,222.54712968555214
1271,222.71714926419668
1272,222.88282198364607
1273,223.04388280289083
1274,223.200074058978
1275,223.3511458792169
1276,223.49685658092199
1277,223.6369730580539
1278,223.77127115413916
1279,223.89953602087274
1280,224.02156246182957
1281,224.13715526073503
1282,224.24612949376936
1283,224.34831082540632
1284,224.4435357873128
1285,224.53165203986333
1286,224.61251861585095
1287,224.68600614600467
1288,224.75199706595282
1289,224.81038580430075
1290,224.8610789515227
1291,224.90399540939708
1292,224.9390665207463
1293,224.9662361792737
1294,224.98546091932144
1295,224.99670998540654
1296,224.99996538142295
1297,224.9952218994315
1298,224.98248712799142
1299,224.96178144002047
1300,224.93313796020243
1301,224.89660251199467
1302,224.85223354432057
1303,224.8001020380635
1304,224.7402913925127
1305,224.67289729194206
1306,224.59802755253594
1307,224.515801949906
1308,224.4263520274759
1309,224.32982088603993
1310,224.22636295483213
1311,224.11614374447262
1312,223.9993395821858
1313,223.8761373297144
1314,223.74673408438065
1315,223.61133686377258
1316,223.47016227455987
1317,223.3234361659697
1318,223.17139326847587
1319,223.01427681828028
1320,222.8523381681869
1321,222.68583638549072
1322,222.51503783752565
1323,222.34021576553337
1324,222.1616498475356
1325,221.97962575090918
1326,221.7944346753789
1327,221.60637288716038
1328,221.41574124499698
1329,221.22284471885027
1330,221.027991902013
1331,220.8314945174258
1332,220.63366691898673
1333,220.43482558865236
1334,220.235288630134
1335,220.03537525999965
1336,219.83540529699562
1337,219.63569865040475
1338,219.43657480825968
1339,219.2383523262305
1340,219.04134831800317
1341,218.8458779479656
1342,218.65225392701169
1343,218.46078601227072
1344,218.27178051156199
1345,218.08553979336762
1346,217.90236180310742
1347,217.72253958649
1348,217.54636082070186
1349,217.37410735418553
1350,217.20605475574192
1351,217.04247187367926
1352,216.88362040571303
1353,216.72975448030547
1354,216.58112025011428
1355,216.43795549820072
1356,216.3004892576278
1357,216.1689414450558
1358,216.0435225089228
1359,215.924433092772
1360,215.81186371426486
1361,215.70599446039347
1362,215.6069946993798
1363,215.51502280972264
1364,215.4302259268258
1365,215.35273970761293
1366,215.2826881135052
1367,215.22018321210967
1368,215.1653249979349
1369,215.1182012324211
1370,215.07888730354057
1371,215.047446105193
1372,215.0239279365886
1373,215.00837042178026
1374,215.00079844947288
1375,215.0012241332069
1376,215.00964679197915
1377,215.0260529513323
1378,215.05041636491123
1379,215.08269805645142
1380,215.12284638213285
1381,215.1707971131989
1382,215.22647353870883
1383,215.2897865882588
1384,215.36063497447566
1385,215.4389053550549
1386,215.52447251408444
1387,215.61719956236317
1388,215.71693815639458
1389,215.8235287357046
1390,215.93680077810447
1391,216.05657307248975
1392,216.18265400873955
1393,216.31484188425162
1394,216.45292522662376
1395,216.59668313196437
1396,216.74588561829165
1397,216.9002939934556
1398,217.05966123699466
1399,217.22373239531572
1400,217.39224498956543
1401,217.56492943554045
1402,217.7415094749646
1403,217.92170261744317
1404,218.10522059238738
1405,218.29176981018574
1406,218.48105183188477
1407,218.6727638466278
1408,218.8665991560876
1409,219.06224766511838
1410,219.25939637784182
1411,219.45772989837369
1412,219.65693093539005
1413,219.85668080972565
1414,220.0566599641925
1415,220.2565484748035
1416,220.45602656258222
1417,220.65477510514128
1418,220.85247614721
1419,221.04881340929512
1420,221.24347279366026
1421,221.43614288681562
1422,221.62651545771286
1423,221.8142859508492
1424,221.99915397349125
1425,222.18082377623912
1426,222.35900472616262
1427,222.53341177175173
1428,222.70376589893843
1429,222.86979457745943
1430,223.03123219684673
1431,223.18782049134742
1432,223.33930895309405
1433,223.48545523286367
1434,223.6260255277848
1435,223.76079495537238
1436,223.88954791329147
1437,224.01207842427527
1438,224.12819046564465
1439,224.23769828290267
1440,224.3404266869021
1441,224.43621133411082
1442,224.52489898952624
1443,224.60634777181872
1444,224.6804273803114
1445,224.74701930343352
1446,224.80601700831357
1447,224.8573261112093
1448,224.90086452850136
1449,224.93656260800984
1450,224.9643632404227
1451,224.98422195065854
1452,224.99610696901732
1453,224.99999928200498
1454,224.99589266275106
1455,224.98379368097034
1456,224.96372169245265
1457,224.9357088080979
1458,224.8997998425452
1459,224.85605224247936
1460,224.8045359947281
1461,224.7453335142983
1462,224.67853951252943
1463,224.6042608455757
1464,224.52261634345902
1465,224.43373661996614
1466,224.3377638636947
1467,224.23485161058161
1468,224.12516449827842
1469,224.00887800276612
1470,223.88617815763112
1471,223.75726125645102
1472,223.62233353876692
1473,223.4816108601441
1474,223.33531834684905
1475,223.1836900356957
1476,223.0269684996362
1477,222.86540445969615
1478,222.69925638387423
1479,222.5287900736488
1480,222.35427823875193
1481,222.17600006089233
1482,221.99424074712388
1483,221.8092910735754
1484,221.62144692027067
1485,221.43100879778376
1486,221.238281366486
1487,221.04357294915445
1488,220.84719503772124
1489,220.64946179495303
1490,220.45068955185732
1491,220.25119630162064
1492,220.05130119088705
1493,219.85132400919173
1494,219.6515846773658
1495,219.45240273573148
1496,219.25409683290545
1497,219.05698421602926
1498,218.86138022324147
1499,218.66759777920387
1500,218.4759468944889
1501,218.28673416962877
1502,218.10026230462003
1503,217.91682961466813
1504,217.73672955294677
1505,217.56025024113538
1506,217.38767400848602
1507,217.2192769401566
1508,217.05532843553362
1509,216.89609077725072
1510,216.74181871159223
1511,216.59275904095358
1512,216.4491502290101
1513,216.31122201922597
1514,216.17919506731374
1515,216.05328058823224
1516,215.93368001828767
1517,215.8205846928785
1518,215.71417554039968
1519,215.61462279279579
1520,215.52208571322615
1521,215.4367123412779
1522,215.35863925613418
1523,215.2879913580765
1524,215.224881668671
1525,215.16941114995802
1526,215.1216685429345
1527,215.08173022558702
1528,215.0496600907037
1529,215.02550944365905
1530,215.0093169203365
1531,215.0011084253191
1532,215.0008970904479
1533,215.00868325381356
1534,215.0244544592157
1535,215.04818547608994
1536,215.07983833987169
1537,215.11936241273114
1538,215.1666944645831
1539,215.2217587742415
1540,215.28446725055733
1541,215.35471957334562
1542,215.43240335387625
1543,215.51739431467203
1544,215.60955648832615
1545,215.70874243502092
1546,215.81479347840022
1547,215.92753995941763
1548,216.04680150775482
1549,216.17238733037556
1550,216.30409651675387
1551,216.44171836028804
1552,216.58503269538616
1553,216.73381024968413
1554,216.88781301083262
1555,217.046794607266
1556,217.21050070234418
1557,217.37866940123715
1558,217.5510316699008
1559,217.72731176547387
1560,217.90722767740786
1561,218.09049157862376
1562,218.27681028597377
1563,218.46588572927203
1564,218.6574154281432
1565,218.85109297592655
1566,219.04660852986135
1567,219.24364930676902
1568,219.44190008343966
1569,219.6410437009218
1570,219.84076157190924
1571,220.04073419041262
1572,220.24064164290075
1573,220.44016412009444
1574,220.6389824285926
1575,220.83677850151403
1576,221.03323590733626
1577,221.22804035611864
1578,221.4208802022992
1579,221.61144694326106
1580,221.79943571287072
1581,221.9845457691989
1582,222.16648097564354
1583,222.34495027468512
1584,222.5196681535166
1585,222.69035510080298
1586,222.85673805383988
1587,223.0185508353956
1588,223.17553457953784
1589,223.32743814576406
1590,223.4740185207727
1591,223.6150412072325
1592,223.7502805989284
1593,223.87952034168322
1594,224.00255367947818
1595,224.11918378521858
1596,224.229224075615
1597,224.33249850967675
1598,224.42884187034008
1599,224.51810002878008
1600,224.60013019098395
1601,224.67480112619106
1602,224.74199337683393
1603,224.80159944964518
1604,224.8535239876236
1605,224.89768392258506
1606,224.93400860805386
1607,224.96243993228217
1608,224.9829324112162
1609,224.9954532612612
1610,224.99998245172804
1611,224.99651273687815
1612,224.98504966751509
1613,224.9656115821046
1614,224.9382295774367
1615,224.90294745887766
1616,224.85982167029078
1617,224.8089212037381
1618,224.75032748910792
1619,224.68413426384433
1620,224.61044742298725
1621,224.52938484976306
1622,224.4410762269965
1623,224.3456628296458
1624,224.24329729879295
1625,224.13414339745052
1626,224.0183757485757
1627,223.89617955571097
1628,223.76775030669774
1629,223.63329346093767
1630,223.4930241207013
1631,223.34716668701066
1632,223.19595450064483
1633,223.03962946884533
1634,222.8784416783153
1635,222.7126489951348
1636,222.5425166522297
1637,222.36831682505562
1638,222.19032819617547
1639,222.0088355094265
1640,221.8241291143912
1641,221.63650450189962
1642,221.44626183130734
1643,221.25370545030444
1644,221.05914340802389
1645,220.86288696222908
1646,220.6652500813674
1647,220.46654894228806
1648,220.26710142442607
1649,220.0672266012637
1650,219.86724422988016
1651,219.66747423940907
1652,219.46823621922
1653,219.26984890764317
1654,219.0726296820569
1655,218.87689405115086
1656,218.68295515017988
1657,218.49112324001396
1658,218.30170521078753
1659,218.11500409094023
1660,217.93131856243642
1661,217.75094248293757
1662,217.57416441569262
1663,217.40126716789865
1664,217.2325273382692
1665,217.0682148745359
1666,216.90859264158914
1667,216.75391600095077
1668,216.60443240224996
1669,216.46038098735636
1670,216.3219922078046
1671,216.1894874561205
1672,216.06307871164063
1673,215.94296820139039
1674,215.82934807656397
1675,215.7224001051234
1676,215.62229538100866
1677,215.5291940504238
1678,215.4432450556372
1679,215.3645858967057
1680,215.29334241150386
1681,215.2296285744102
1682,215.17354631397254
1683,215.125185349844
1684,215.0846230492507
1685,215.05192430322074
1686,215.0271414227725
1687,215.01031405522787
1688,215.00146912078532
1689,215.00062076945312
1690,215.00777035841244
1691,215.02290644984612
1692,215.04600482923672
1693,215.0770285441046
1694,215.115927963124
1695,215.1626408555226
1696,215.21709249063747
1697,215.2791957574681
1698,215.3488513040356
1699,215.42594769632453
1700,215.51036159655354
1701,215.60195796048964
1702,215.70059025349
1703,215.8061006849263
1704,215.91832046061586
1705,216.03707005285665
1706,216.16215948763283
1707,216.2933886485332
1708,216.4305475968943
1709,216.57341690765784
1710,216.72176802040374
1711,216.87536360499806
1712,217.0339579412709
1713,217.19729731211575
1714,217.36512040938328
1715,217.53715875191804
1716,217.7131371150717
1717,217.89277397100318
1718,218.0757819390634
1719,218.2618682455432
1720,218.45073519204846
1721,218.64208063175425
1722,218.8355984527752
1723,219.03097906787934
1724,219.22790990976137
1725,219.42607593108406
1726,219.62516010848643
1727,219.82484394975359
1728,220.02480800333655
1729,220.2247323694062
1730,220.42429721162523
1731,220.62318326881748
1732,220.8210723657184
1733,221.01764792198685
1734,221.2125954586668
1735,221.40560310128618
1736,221.5963620787894
1737,221.78456721750572
1738,221.96991742936132
1739,222.15211619355665
1740,222.33087203093586
1741,222.5058989702918
1742,222.67691700585857
1743,222.84365254526108
1744,223.00583884720473
1745,223.16321644820422
1746,223.31553357767018
1747,223.4625465606879
1748,223.6040202078458
1749,223.73972819148773
1750,223.86945340778945
1751,223.99298832407808
1752,224.1101353108402
1753,224.22070695788716
1754,224.3245263741709
1755,224.42142747077241
1756,224.51125522660823
1757,224.5938659364313
1758,224.66912744072852
1759,224.73691933714798
1760,224.79713317311692
1761,224.84967261934267
1762,224.89445362391913
1763,224.93140454679175
1764,224.96046627436635
1765,224.98159231407834
1766,224.99474886877084
1767,224.99991489076288
1768,224.99708211552135
1769,224.98625507488228
1770,224.9674510898011
1771,224.94070024264263
1772,224.90604532905576
1773,224.86354178950958
1774,224.81325762060044
1775,224.75527326627187
1776,224.68968148912145
1777,224.61658722200048
1778,224.53610740014372
1779,224.44837077409804
1780,224.35351770374893
1781,224.25169993377477
1782,224.14308035088746
1783,224.0278327232488
1784,223.90614142247804
1785,223.77820112869705
1786,223.64421651908344
1787,223.50440194043065
1788,223.3589810662391
1789,223.20818653888594
1790,223.0522595974472
1791,222.89144969176652
1792,222.7260140833887
1793,222.55621743399615
1794,222.38233138200647
1795,222.20463410800926
1796,222.023409889736
1797,221.83894864727696
1798,221.65154547927037
1799,221.46150019080793
1800,221.26911681381017
1801,221.07470312064083
1802,220.8785701317363
1803,220.6810316180392
1804,220.48240359903232
1805,220.2830038371742
1806,220.0831513295476
1807,219.88316579753166
1808,219.68336717531645
1809,219.4840750980759
1810,219.28560839062035
1811,219.08828455734445
1812,218.8924192742878
1813,218.69832588412106
1814,218.50631489486403
1815,218.31669348313943
1816,218.1297650027555
1817,217.94582849940497
1818,217.7651782322556
1819,217.588103203198
1820,217.4148866945048
1821,217.24580581563887
1822,217.08113105993792
1823,216.9211258718822
1824,216.76604622564003
1825,216.61614021556346
1826,216.4716476592904
1827,216.3327997140875
1828,216.19981850704767
1829,216.07291677973447
1830,215.95229754784057
1831,215.8381537764064
1832,215.73066807111672
1833,215.63001238617105
1834,215.53634774919317
1835,215.4498240036216
1836,215.37057956899176
1837,215.2987412194945
1838,215.2344238811644
1839,215.17773044802234
1840,215.12875161746751
1841,215.08756574518048
1842,215.0542387197711
1843,215.0288238573706
1844,215.0113618163373
1845,215.0018805322118
1846,215.00039517302613
1847,215.00690811503816
1848,215.02140893893
1849,215.04387444647676
1850,215.07426869765877
1851,215.1125430681579
1852,215.15863632714607
1853,215.21247473524164
1854,215.27397216247658
1855,215.34303022608609
1856,215.41953844789992
1857,215.50337443108413
1858,215.59440405594958
1859,215.69248169451524
1860,215.7974504434814
1861,215.9091423752419
1862,216.0273788065323
1863,216.15197058428487
1864,216.2827183882335
1865,216.4194130497831
1866,216.56183588663527
1867,216.70975905263293
1868,216.86294590226572
1869,217.0211513692524
1870,217.1841223585944
1871,217.3515981514742
1872,217.52331082234932
1873,217.69898566757655
1874,217.87834164487873
1875,218.06109182295285
1876,218.24694384049855
1877,218.43560037393405
1878,218.6267596130505
1879,218.8201157438437
1880,219.01535943775158
1881,219.21217834651355
1882,219.4102576018615
1883,219.6092803192414
1884,219.80892810476152
1885,220.00888156455417
1886,220.2088208157381
1887,220.408425998163
1888,220.60737778611698
1889,220.80535789918028
1890,221.00204961140534
1891,221.1971382580114
1892,221.39031173878053
1893,221.58126101735152
1894,221.76968061561254
1895,221.95526910240025
1896,222.13772957572598
1897,222.31677013775519
1898,222.49210436178194
1899,222.66345175045038
1900,222.8305381844909
1901,222.99309636125216
1902,223.15086622232855
1903,223.3035953695982
1904,223.45103946900588
1905,223.59296264144567
1906,223.72913784011692
1907,223.85934721375102
1908,223.98338245512656
1909,224.10104513431688
1910,224.21214701613528
1911,224.31651036127124
1912,224.41396821063563
1913,224.50436465245932
1914,224.58755507171898
1915,224.6634063814901
1916,224.73179723585778
1917,224.79261822404436
1918,224.84577204544314
1919,224.8911736652788
1920,224.92875045064474
1921,224.95844228670035
1922,224.98020167284182
1923,224.9939937986931
1924,224.99979659979502
1925,224.99760079290365
1926,224.9874098908416
1927,224.96924019687827
1928,224.94312077864794
1929,224.90909342164798
1930,224.86721256239076
1931,224.81754520131707
1932,224.7601707956094
1933,224.69518113207772
1934,224.62268018031995
1935,224.5427839263928
1936,224.455620187259
1937,224.3613284063072
1938,224.26005943027243
1939,224.1519752679134
1940,224.03724883083322
1941,223.91606365685752
1942,223.78861361641316
1943,223.65510260237707
1944,223.5157442038908
1945,223.37076136466374
1946,223.22038602631056
1947,223.06485875729442
1948,222.9044283680682
1949,222.7393515130315
1950,222.56989227993768
1951,222.3963217674104
1952,222.2189176512434
1953,222.03796374017818
1954,221.85374952187115
1955,221.66656969977456
1956,221.4767237216743
1957,221.28451530063685
1958,221.09025192913379
1959,220.89424438711873
1960,220.69680624484621
1961,220.49825336122612
1962,220.29890337851634
1963,220.0990752141637
1964,219.8990885506032
1965,219.69926332383523
1966,219.49991921159528
1967,219.30137512193858
1968,219.1039486830548
1969,218.90795573513066
1970,218.71370982507335
1971,218.52152170490194
1972,218.33169883461085
1973,218.14454489029907
1974,217.96035927835356
1975,217.77943665646245
1976,217.6020664622261
1977,217.42853245011838
1978,217.25911223753994
1979,217.09407686068994
1980,216.93369034096554
1981,216.7782092625845
1982,216.6278823621046
1983,216.48295013049864
1984,216.34364442841985
1985,216.2101881152747
1986,216.08279469269505
1987,215.96166796298112
1988,215.8470017030616
1989,215.73897935449145
1990,215.63777372998487
1991,215.54354673695164
1992,215.45644911847995
1993,215.37662021217957
1994,215.30418772727126
1995,215.23926754027949
1996,215.18196350965448
1997,215.13236730962106
1998,215.09055828351933
1999,215.05660331687224
2000,215.03055673038313
2001,215.01246019303403
2002,215.00234265542434
2003,215.00022030345593
2004,215.00609653243922
2005,215.01996194166134
2006,215.04179434942532
2007,215.07155882853613
2008,215.10920776217654
2009,215.15468092008413
2010,215.20790555490663
2011,215.2687965185823
2012,215.33725639855868
2013,215.41317567363177
2014,215.49643288915675
2015,215.58689485134929
2016,215.68441684036748
2017,215.78884284183243
2018,215.90000579641813
2019,216.01772786711084
2020,216.14182072371005
2021,216.272085844117
2022,216.40831483192738
2023,216.55028974982142
2024,216.69778346821678
2025,216.85056002862774
2026,217.0083750211482
2027,217.17097597545546
2028,217.33810276470913
2029,217.50948802169808
2030,217.68485756657148
2031,217.8639308454676
2032,218.0464213793406
2033,218.23203722226535
2034,218.42048142848927
2035,218.61145252748162
2036,218.80464500622227
2037,218.99974979795755
2038,219.19645477664073
2039,219.3944452562675
2040,219.59340449430604
2041,219.79301419841804
2042,219.99295503565793
2043,220.19290714333786
2044,220.39255064073984
2045,220.59156614085626
2046,220.7896352613414
2047,220.98644113385487
2048,221.1816689109838
2049,221.37500626993102
2050,221.56614391216542
2051,221.75477605823326
2052,221.94060093694011
2053,222.12332126812072
2054,222.3026447382233
2055,222.47828446794946
2056,222.64995947119937
2057,222.8173951045899
2058,222.9803235068253
2059,223.13848402721828
2060,223.29162364267526
2061,223.43949736247947
2062,223.5818686202241
2063,223.71850965226753
2064,223.84920186210715
2065,223.9737361700866
2066,224.09191334787914
2067,224.20354433721002
2068,224.3084505523096
2069,224.40646416561268
2070,224.49742837624626
2071,224.5811976608781
2072,224.65763800652257
2073,224.72662712493306
2074,224.788054648237
2075,224.84182230550093
2076,224.88784407994308
2077,224.92604634654177
2078,224.95636798981982
2079,224.97876050161628
2080,224.9931880586891
2081,224.99962758002465
2082,224.9980687637625
2083,224.98851410367612
2084,224.97097888518346
2085,224.94549116089343
2086,224.91209170572785
2087,224.87083395169006
2088,224.82178390238545
2089,224.76502002742936
2090,224.70063313691278
2091,224.6287262361254
2092,224.54941436076913
2093,224.46282439292563
2094,224.36909485807186
2095,224.26837570346908
2096,224.16082805827892
2097,224.04662397579156
2098,223.92594615817666
2099,223.7989876641992
2100,223.66595160036647
2101,223.5270507960011
2102,223.38250746275958
2103,223.23255283914068
2104,223.0774268205537
2105,222.9173775755365
2106,222.75266114873918
2107,222.5835410513069
2108,222.41028783931858
2109,222.23317868095464
2110,222.0524969130872
2111,221.86853158800153
2112,221.68157701097383
2113,221.49193226944593
2114,221.29990075454876
2115,221.10578967574173
2116,220.9099095693427
2117,220.71257380173637
2118,220.51409806805498
2119,220.31479988713303
2120,220.1149980935455
2121,219.9150123275398
2122,219.71516252368042
2123,219.51576839902097
2124,219.3171489416259
2125,219.11962190025707
2126,218.92350327604385
2127,218.72910681694862
2128,218.53674351583678
2129,218.34672111295495
2130,218.15934360361163
2131,217.9749107518502
2132,217.79371761088973
2133,217.61605405110342
2134,217.44220429628726
2135,217.27244646896307
2136,217.10705214544154
2137,216.94628592135797
2138,216.790404988376
2139,216.6396587227355
2140,216.49428828630408
2141,216.35452624076927
2142,216.22059617558963
2143,216.09271235029928
2144,215.97107935173818
2145,215.85589176675708
2146,215.74733387091987
2147,215.64557933370216
2148,215.55079094065695
2149,215.46312033299276
2150,215.3827077649797
2151,215.30968187957288
2152,215.2441595026109
2153,215.18624545591953
2154,215.1360323896192
2155,215.09360063390437
2156,215.05901807053257
2157,215.032340024228
2158,215.01360917417372
2159,215.00285548573413
2160,215.0000961625167
2161,215.00533561885
2162,215.01856547272158
2163,215.03976455918743
2164,215.06889896423144
2165,215.1059220790206
2166,215.150774674469
2167,215.20338499599205
2168,215.26366887829823
2169,215.3315298800357
2170,215.40685943807793
2171,215.48953704120152
2172,215.57943042287837
2173,215.67639577287412
2174,215.7802779673135
2175,215.8909108168459
2176,216.00811733251237
2177,216.13171000889056
2178,216.2614911240634
2179,216.39725305593166
2180,216.53877861436547
2181,216.6858413886617
2182,216.83820610975334
2183,216.99562902658926
2184,217.15785829608438
2185,217.32463438601457
2186,217.49569049021287
2187,217.67075295540263
2188,217.8495417189842
2189,218.03177075707546
2190,218.21714854208884
2191,218.40537850911358
2192,218.59615953035595
2193,218.7891863968797
2194,218.9841503068754
2195,219.18073935967695
2196,219.37863905473682
2197,219.57753279475912
2198,219.77710239218834
2199,219.97702857824103
2200,220.1769915136683
2201,220.37667130042988
2202,220.57574849346295
2203,220.77390461172635
2204,220.97082264770177
2205,221.16618757453872
2206,221.35968685002973
2207,221.55101091661186
2208,221.739853696592
2209,221.92591308180667
2210,222.10889141692996
2211,222.28849597565898
2212,222.46443942901342
2213,222.63644030500043
2214,222.8042234389101
2215,222.96752041351988
2216,223.12606998850532
2217,223.27961851836855
2218,223.42792035821697
2219,223.57073825674297
2220,223.707843735775
2221,223.83901745579428
2222,223.964049566831
2223,224.08274004417962
2224,224.19489900839562
2225,224.30034702906227
2226,224.39891541184085
2227,224.4904464683457
2228,224.57479376841206
2229,224.6518223743529
2230,224.72140905683062
2231,224.78344249199762
2232,224.83782343959075
2233,224.88446490169446
2234,224.9232922619191
2235,224.954243404771
2236,224.97726881502416
2237,224.99233165693397
2238,224.99940783316666
2239,224.99848602334976
2240,224.98956770218228
2241,224.97266713707566
2242,224.94781136532882
2243,224.91504015087423
2244,224.87440592066423
2245,224.82597368079897
2246,224.76982091253055
2247,224.70603744830964
2248,224.63472532807253
2249,224.5559986359992
2250,224.4699833180028
2251,224.37681698024315
2252,224.27664866898633
2253,224.16963863216213
2254,224.05595806300198
2255,223.9357888261659
2256,223.80932316679815
2257,223.67676340297578
2258,223.53832160204303
2259,223.39421924134868
2260,223.24468685392964
2261,223.08996365970728
2262,222.93029718278646
2263,222.76594285546997
2264,222.597163609621
2265,222.4242294560287
2266,222.24741705244807
2267,222.06700926100694
2268,221.88329469568671
2269,221.69656726060143
2270,221.5071256798143
2271,221.31527301944237
2272,221.12131620281605
2273,220.92556551946652
2274,220.72833412872933
2275,220.5299375587558
2276,220.33069320173556
2277,220.13091980613672
2278,219.93093696677607
2279,219.73106461353598
2280,219.53162249954437
2281,219.33292968963832
2282,219.13530404992807
2283,218.93906173927934
2284,218.74451670352627
2285,218.55198017322542
2286,218.36176016575305
2287,218.1741609925429
2288,217.98948277225318
2289,217.80802095064033
2290,217.63006582790925
2291,217.4559020942945
2292,217.2858083746169
2293,217.1200567825433
2294,216.95891248526246
2295,216.80263327927452
2296,216.6514691779712
2297,216.505662011668
2298,216.36544504072705
2299,216.23104258239064
2300,216.10266965192096
2301,215.9805316186221
2302,215.86482387729265
2303,215.7557315356356
2304,215.65342911812593
2305,215.55808028680823
2306,215.46983757947265
2307,215.38884216562678
2308,215.31522362065473
2309,215.24909971852395
2310,215.19057624337222
2311,215.13974682027538
2312,215.0966927654674
2313,215.06148295625158
2314,215.03417372081165
2315,215.01480874809863
2316,215.00341901793792
2317,215.0000227514681
2318,215.00462538199096
2319,215.0172195462796
2320,215.03778509635765
2321,215.0662891317322
2322,215.1026860520271
2323,215.1469176299342
2324,215.19891310436432
2325,215.25858929365026
2326,215.32585072861934
2327,215.40058980532396
2328,215.4826869571849
2329,215.57201084627226
2330,215.6684185734183
2331,215.77175590682543
2332,215.88185752880437
2333,215.998547300247
2334,216.12163854241152
2335,216.25093433556856
2336,216.38622783403062
2337,216.52730259706132
2338,216.67393293513408
2339,216.82588427098753
2340,216.98291351489877
2341,217.14476945357546
2342,217.31119315204305
2343,217.48191836788578
2344,217.65667197717787
2345,217.83517441142305
2346,218.01714010480524
2347,218.2022779510321
2348,218.39029176904378
2349,218.58088077683885
2350,218.77374007266172
2351,218.9685611227802
2352,219.16503225507358
2353,219.36283915764196
2354,219.56166538163765
2355,219.76119284751638
2356,219.96110235389622
2357,220.1610740882122
2358,220.36078813834757
2359,220.5599250044257
2360,220.75816610994104
2361,220.9551943114139
2362,221.15069440575246
2363,221.34435363451013
2364,221.5358621842328
2365,221.72491368209378
2366,221.91120568602543
2367,222.09444016856156
2368,222.274323993618
2369,222.45056938544795
2370,222.62289438902138
2371,222.7910233210934
2372,222.9546872112382
2373,223.1136242321447
2374,223.26758011848412
2375,223.4163085736806
2376,223.55957166393281
2377,223.6971401988575
2378,223.82879409814524
2379,223.9543227436417
2380,224.0735253162923
2381,224.18621111740913
2382,224.29219987374893
2383,224.39132202591114
2384,224.48341899959735
2385,224.56834345929587
2386,224.6459595439875
2387,224.71614308449392
2388,224.778781802122
2389,224.8337754882858
2390,224.88103616481877
2391,224.9204882247202
2392,224.95206855311028
2393,224.9757266282003
2394,224.99142460211695
2395,224.99913736145066
2396,224.9988525674318
2397,224.99057067567009
2398,224.97430493542558
2399,224.95008136841287
2400,224.91793872717173
2401,224.87792843307142
2402,224.83011449404742
2403,224.7745734022024
2404,224.71139401143523
2405,224.64067739529355
2406,224.56253668527776
2407,224.47709688985478
2408,224.3844946944711
2409,224.28487824288524
2410,224.17840690016936
2411,224.0652509977592
2412,223.94559156095985
2413,223.8196200193443
2414,223.6875379005066
2415,223.54955650766095
2416,223.4058965816013
2417,223.25678794756362
2418,223.10246914755425
2419,222.94318705873354
2420,222.77919649846532
2421,222.61075981666315
2422,222.43814647608676
2423,222.26163262125874
2424,222.08150063669268
2425,221.89803869513761
2426,221.71154029656367
2427,221.5223037986244
2428,221.33063193934808
2429,221.1368313528219
2430,220.94121207864222
2431,220.74408706591797
2432,220.54577167261832
2433,220.3465831610676
2434,220.1468401903929
2435,219.9468623067378
2436,219.7469694320566
2437,219.54748135230702
2438,219.34871720586167
2439,219.15099497295395
2440,218.9546309669782
2441,218.75993932845498
2442,218.5672315224741
2443,218.37681584041636
2444,218.18899690675306
2445,218.0040751917123
2446,217.82234653059015
2447,217.6441016504778
2448,217.4696257051598
2449,217.29919781892923
2450,217.1330906400479
2451,216.97156990456776
2452,216.81489401120976
2453,216.6633136079807
2454,216.5170711911905
2455,216.3764007175091
2456,216.2415272296865
2457,216.11266649653157
2458,215.99002466772868
2459,215.87379794404157
2460,215.7641722634345
2461,215.66132300361093
2462,215.56541470144646
2463,215.4766007897653
2464,215.39502335188016
2465,215.3208128942894
2466,215.25408813789437
2467,215.19495582807153
2468,215.1435105639024
2469,215.09983464683515
2470,215.06399794902012
2471,215.03605780152904
2472,215.01605890263767
2473,215.00403324631802
2474,215.00000007105484
2475,215.00396582906822
2476,215.01592417599133
2477,215.03585598102003
2478,215.06372935751818
2479,215.0994997140294
2480,215.14310982561386
2481,215.19448992539603
2482,215.2535578161768
2483,215.3202190019313
2484,215.3943668389827
2485,215.47588270660904
2486,215.56463619681125
2487,215.66048532293811
2488,215.7632767468345
2489,215.87284602414985
2490,215.989017867414
2491,216.11160642645976
2492,216.24041558574348
2493,216.37523927808803
2494,216.51586181434666
2495,216.66205822845913
2496,216.81359463734984
2497,216.9702286150905
2498,217.1317095807303
2499,217.29777919917157
2500,217.4681717944512
